id,question,answer,explanation,category,subcategory,tags,difficulty,importance,imageUrl,source,notes,order
castle-001,城の中心となる曲輪を何という？,本丸,城主の居所や天守が置かれることが多い、城の中核となる曲輪。［サンプル：解説を更新］,城郭用語,,曲輪,1,5,,開発用ダミーデータ,,
castle-002,城の正面にあたる門を何という？,大手門（追手門）,城の正面の出入口。裏手の門は搦手門という。,城郭用語,,門,1,4,,開発用ダミーデータ,,
castle-101,［サンプル］曲輪・堀・門など、城の配置を考えることを何という？,縄張り,"カンマ（,）を含む問題文の確認用。",縄張り,用語,縄張り;用語,1,3,,開発用ダミーデータ,,
castle-102,［サンプル］石垣の積み方を 2 つ挙げよ,野面積み、打込接ぎ など,"1 行目の解説。
2 行目の解説（改行の確認用）。",石垣,積み方,石垣; 積み方 ;石垣;;,2,4,,開発用ダミーデータ,,
castle-103,"［サンプル］""天守"" の別名を答えよ",天主,"ダブルクォート（""）を含む文章の確認用。",天守,,天守;用語,2,3,,開発用ダミーデータ,,
castle-104,［サンプル］画像付きカード（模式図）,望楼型,画像の表示確認用。,天守,天守の形式,天守;画像,3,2,/images/samples/castle-keep.svg,開発用ダミーデータ,,
castle-105,［サンプル］並び順を指定したカード,order = 200,order 列の確認用。,城郭史,,並び順,,,,開発用ダミーデータ,メモ：order を明示,200
castle-106,［サンプル］難易度・重要度が空のカード,—,,城郭史,,,,,,開発用ダミーデータ,,
castle-107,［サンプル］城郭用語の問題 1,答え 1,,城郭用語,,用語,1,1,,開発用ダミーデータ,,
castle-108,［サンプル］城郭用語の問題 2,答え 2,,城郭用語,,用語,2,2,,開発用ダミーデータ,,
castle-109,［サンプル］縄張りの問題,答え 3,,縄張り,,縄張り,3,3,,開発用ダミーデータ,,
castle-110,［サンプル］石垣の問題,答え 4,,石垣,,石垣,4,4,,開発用ダミーデータ,,
castle-111,［サンプル］天守の問題,答え 5,,天守,,天守,5,5,,開発用ダミーデータ,,
castle-112,［サンプル］城郭史の問題,答え 6,,城郭史,,城郭史,,5,,開発用ダミーデータ,,
